id,rn,pre_since_opened,pre_since_confirmed,pre_pterm,pre_fterm,pre_till_pclose,pre_till_fclose,pre_loans_credit_limit,pre_loans_next_pay_summ,pre_loans_outstanding,pre_loans_total_overdue,pre_loans_max_overdue_sum,pre_loans_credit_cost_rate,pre_loans5,pre_loans530,pre_loans3060,pre_loans6090,pre_loans90,is_zero_loans5,is_zero_loans530,is_zero_loans3060,is_zero_loans6090,is_zero_loans90,pre_util,pre_over2limit,pre_maxover2limit,is_zero_util,is_zero_over2limit,is_zero_maxover2limit,enc_paym_0,enc_paym_1,enc_paym_2,enc_paym_3,enc_paym_4,enc_paym_5,enc_paym_6,enc_paym_7,enc_paym_8,enc_paym_9,enc_paym_10,enc_paym_11,enc_paym_12,enc_paym_13,enc_paym_14,enc_paym_15,enc_paym_16,enc_paym_17,enc_paym_18,enc_paym_19,enc_paym_20,enc_paym_21,enc_paym_22,enc_paym_23,enc_paym_24,enc_loans_account_holder_type,enc_loans_credit_status,enc_loans_credit_type,enc_loans_account_cur,pclose_flag,fclose_flag
0,1,18,9,2,3,16,10,11,3,3,0,2,11,6,16,5,4,8,1,1,1,1,1,16,2,17,1,1,1,0,0,3,3,3,3,3,3,3,3,3,4,3,3,3,3,3,3,3,3,4,3,3,3,4,1,3,4,1,0,0
0,2,18,9,14,14,12,12,0,3,3,0,2,11,6,16,5,4,8,1,1,1,1,1,16,2,17,1,1,1,0,0,0,0,0,0,0,0,0,0,0,1,0,0,0,0,0,0,0,0,1,0,0,0,4,1,3,4,1,0,0
0,3,18,9,4,8,1,11,11,0,5,0,2,8,6,16,5,4,8,1,1,1,1,1,15,2,17,0,1,1,0,0,0,0,0,0,0,0,0,0,0,1,0,0,0,0,0,0,0,0,1,0,0,0,4,1,2,3,1,1,1
0,4,4,1,9,12,16,7,12,2,3,0,2,4,6,16,5,4,8,0,1,1,1,1,16,2,17,1,1,1,1,0,0,0,0,0,0,0,0,0,0,1,3,3,3,3,3,3,3,3,4,3,3,3,4,1,3,1,1,0,0
0,5,5,12,15,2,11,12,10,2,3,0,2,4,6,16,5,4,8,1,1,1,1,1,16,2,17,1,1,1,0,0,0,0,0,0,0,3,3,3,3,4,3,3,3,3,3,3,3,3,4,3,3,3,4,1,3,4,1,0,0
0,6,5,0,11,8,12,11,4,2,3,0,2,4,6,16,5,4,8,1,1,1,1,1,9,5,4,0,0,0,0,0,0,0,0,0,0,0,0,0,0,1,0,0,0,0,0,0,0,3,4,3,3,3,4,1,2,3,1,0,1
0,7,3,9,1,2,12,14,15,5,3,0,2,3,6,16,5,4,8,1,1,1,1,1,16,2,17,1,1,1,0,0,0,0,0,0,0,0,3,3,3,4,3,3,3,3,3,3,3,3,4,3,3,3,4,1,3,4,1,0,0
0,8,2,9,2,3,12,14,15,5,3,0,2,13,6,16,5,4,8,1,1,1,1,1,16,2,17,1,1,1,0,0,3,3,3,3,3,3,3,3,3,4,3,3,3,3,3,3,3,3,4,3,3,3,4,1,3,4,1,0,0
0,9,1,9,11,13,14,8,2,5,1,0,2,11,6,16,5,4,8,1,1,1,1,1,1,2,17,0,1,1,0,0,0,0,0,0,0,0,0,0,0,1,0,0,3,3,3,3,3,3,4,3,3,3,4,1,2,4,1,0,0
0,10,7,9,2,10,8,8,16,4,2,0,2,11,6,16,5,4,8,1,1,1,1,1,15,2,17,0,1,1,0,0,0,0,0,0,3,3,3,3,3,4,3,3,3,3,3,3,3,3,4,3,3,3,4,1,2,4,1,0,0
1,1,8,7,12,15,9,1,1,2,4,0,1,4,6,16,5,4,8,1,1,0,0,0,2,10,8,0,0,0,0,3,3,3,3,3,3,3,3,2,0,1,0,0,0,0,0,0,0,0,1,0,3,3,4,1,3,4,1,0,0
1,2,8,7,13,2,9,1,6,2,3,0,1,4,6,16,5,4,8,1,1,0,0,0,0,0,10,0,0,0,0,3,3,3,3,3,3,2,0,0,0,1,0,3,3,3,3,3,3,3,4,3,3,3,4,1,3,4,1,0,0
1,3,15,7,7,6,9,1,6,2,3,0,2,4,6,16,5,4,8,1,1,1,1,1,16,2,17,1,1,1,0,0,0,0,0,3,3,3,3,3,3,4,3,3,3,3,3,3,3,3,4,3,3,3,4,1,3,4,1,0,0
1,4,15,3,7,6,9,1,6,2,3,0,2,4,6,16,5,4,8,1,1,1,1,1,16,2,17,1,1,1,0,0,0,0,0,0,3,3,3,3,3,4,3,3,3,3,3,3,3,3,4,3,3,3,4,1,3,1,1,0,0
1,5,14,4,7,6,9,1,3,2,3,0,2,4,6,16,5,4,8,1,0,1,1,1,16,2,17,1,1,1,0,0,0,0,0,0,0,0,0,0,0,1,0,0,0,0,0,0,0,0,1,0,1,0,1,1,3,4,1,0,0
1,6,14,14,1,0,13,13,0,2,3,0,2,4,6,16,5,4,8,1,1,1,1,1,16,2,17,1,1,1,0,0,0,0,0,0,0,0,0,0,0,1,3,3,3,3,3,3,3,3,4,3,3,3,4,1,3,4,1,0,0
1,7,14,3,8,11,6,13,6,2,3,0,2,4,6,16,5,4,8,1,1,1,1,1,16,2,17,1,1,1,0,0,0,0,0,3,3,3,3,3,3,4,3,3,3,3,3,3,3,3,4,3,3,3,4,1,3,1,1,0,0
1,8,10,14,2,14,13,5,14,0,3,0,2,4,6,16,5,4,8,1,0,1,1,0,16,2,17,1,1,1,0,0,0,0,0,0,0,0,0,0,0,4,0,0,0,1,0,0,0,0,1,0,0,0,1,1,3,4,1,0,0
1,9,10,14,15,9,13,3,10,2,3,0,2,4,6,16,5,4,8,0,1,1,1,1,16,2,17,1,1,1,0,0,0,0,0,0,1,0,0,0,0,1,0,0,3,3,3,3,3,3,4,3,3,3,4,1,3,4,1,0,0
1,10,13,6,0,1,14,8,16,4,2,0,2,0,6,16,5,4,8,1,0,1,1,1,3,2,17,0,1,1,0,1,0,0,0,0,0,0,0,0,0,1,0,0,0,0,0,0,0,0,1,0,0,0,1,1,2,3,1,0,0
1,11,18,8,1,16,15,14,15,5,3,0,2,4,6,16,5,4,8,1,1,1,1,1,16,2,17,1,1,1,0,0,0,0,0,3,3,3,3,3,3,4,3,3,3,3,3,3,3,3,4,3,3,3,4,1,2,4,1,0,0
1,12,2,5,15,9,7,15,19,2,3,0,2,7,6,16,5,4,8,0,1,1,1,1,16,2,17,1,1,1,1,0,0,0,0,0,0,0,0,0,0,1,3,3,3,3,3,3,3,3,4,3,3,3,4,1,3,1,1,0,0
1,13,7,9,4,8,1,11,1,1,2,0,3,0,6,16,5,4,8,1,0,1,1,1,6,2,17,0,1,0,0,1,1,0,0,0,0,3,3,3,3,4,3,3,3,3,3,3,3,3,4,3,3,3,4,1,2,3,1,1,1
1,14,12,6,1,8,14,11,11,2,3,0,2,5,6,16,5,4,8,1,1,1,1,1,16,2,17,1,1,1,3,3,3,3,3,3,3,3,3,3,3,4,3,3,3,3,3,3,3,3,4,3,3,3,4,1,2,3,1,0,1
2,1,0,9,4,8,1,11,1,1,2,0,1,3,6,2,5,4,8,1,0,0,0,1,6,2,11,0,1,0,0,0,0,0,0,0,0,0,0,0,0,2,1,1,1,3,2,1,2,1,2,1,1,1,4,1,2,3,1,1,1
2,2,13,14,13,2,13,5,3,2,3,0,2,4,6,16,5,4,8,1,1,1,1,1,16,2,17,1,1,1,0,0,0,0,0,0,0,0,0,0,3,4,3,3,3,3,3,3,3,3,4,3,3,3,4,1,3,4,1,0,0
2,3,12,9,4,8,1,11,1,1,4,0,2,5,6,16,5,4,8,1,1,1,1,1,3,2,17,0,1,1,3,3,3,3,3,3,3,3,3,3,3,4,3,3,3,3,3,3,3,3,4,3,3,3,4,1,2,3,1,1,1
3,1,13,14,9,0,13,5,13,2,3,0,2,4,6,16,5,4,8,1,1,1,1,1,16,2,17,1,1,1,0,0,0,0,0,0,0,0,0,3,3,4,3,3,3,3,3,3,3,3,4,3,3,3,4,1,2,4,1,0,0
3,2,13,9,16,2,3,5,10,4,3,0,2,9,6,16,5,4,8,1,1,1,1,1,16,2,17,1,1,1,0,0,0,0,0,0,0,0,0,0,3,4,3,3,3,3,3,3,3,3,4,3,3,3,4,1,3,4,1,0,0
3,3,6,0,14,7,7,2,3,2,3,0,2,3,6,16,5,4,8,1,1,1,1,1,16,2,17,1,1,1,0,0,0,0,0,0,0,0,0,0,0,1,0,0,0,0,0,0,0,0,1,0,0,0,1,1,3,4,1,0,0
3,4,6,16,0,8,8,11,11,2,5,0,2,8,6,16,5,4,8,1,1,1,1,1,3,2,17,0,1,1,0,0,0,0,0,0,0,0,0,0,0,1,0,0,0,0,0,0,0,0,1,0,0,0,1,1,2,3,1,0,1
3,5,13,9,4,14,1,12,18,2,3,0,2,3,6,16,5,4,8,1,1,1,1,1,16,2,17,1,1,1,0,0,0,0,0,0,0,0,0,0,0,1,0,0,0,0,0,0,0,0,1,0,0,0,4,1,3,3,1,1,0
3,6,6,6,4,8,1,11,11,2,4,0,2,5,6,16,5,4,8,1,1,1,1,1,4,2,17,0,1,1,0,0,0,0,0,0,0,0,0,0,0,1,0,0,0,0,0,0,0,0,1,0,0,0,1,1,2,4,1,1,1
3,7,18,9,12,0,16,10,16,3,3,0,2,3,6,16,5,4,8,1,1,1,1,1,16,2,17,1,1,1,0,0,0,0,0,0,0,0,0,0,3,4,3,3,3,3,3,3,3,3,4,3,3,3,4,1,3,4,1,0,0
3,8,4,9,4,8,1,11,14,2,5,0,2,3,6,16,5,4,8,1,1,1,1,1,2,2,17,0,1,1,0,0,0,0,0,0,0,0,0,0,0,1,0,0,0,0,0,0,0,0,1,0,0,0,1,1,2,4,1,1,1
3,9,4,9,1,16,2,6,11,3,3,0,2,7,6,16,5,4,8,1,1,1,1,1,16,2,17,1,1,1,0,0,0,0,0,0,0,0,0,0,0,1,0,0,0,0,0,0,0,0,1,0,0,0,4,1,3,4,1,0,0
3,10,5,3,4,8,1,11,4,2,3,0,2,4,6,16,5,4,8,1,1,1,1,1,9,5,4,0,0,0,0,0,0,0,0,0,0,0,0,0,0,1,0,0,0,0,0,0,0,0,1,0,0,0,1,1,3,3,1,1,1
3,11,1,2,16,9,7,2,1,2,3,0,2,4,6,16,5,4,8,1,1,1,1,1,16,2,17,1,1,1,0,0,0,0,0,0,0,0,0,0,0,1,0,3,3,3,3,3,3,3,4,3,3,3,4,1,3,4,1,0,0
3,12,1,5,16,8,7,11,1,4,3,0,2,0,6,16,5,4,8,1,1,1,1,1,13,2,17,0,1,1,0,0,0,0,0,0,0,0,0,0,3,4,3,3,3,3,3,3,3,3,4,3,3,3,4,1,2,1,1,0,1
3,13,2,9,4,8,1,11,13,6,3,0,2,9,6,16,5,4,8,1,1,1,1,1,18,2,17,0,1,1,0,0,0,0,0,0,0,0,0,0,0,1,0,0,3,3,3,3,3,3,4,3,3,3,4,1,2,3,1,1,1
3,14,1,1,8,11,2,6,5,2,3,0,2,4,6,16,5,4,8,1,1,1,1,1,16,2,17,1,1,1,0,0,0,0,0,0,3,3,3,3,3,4,3,3,3,3,3,3,3,3,4,3,3,3,4,1,3,5,1,0,0
3,15,12,9,2,10,8,8,17,1,2,0,2,1,6,16,5,4,8,1,1,1,1,1,6,2,17,0,1,1,0,3,3,3,3,3,3,3,3,3,3,4,3,3,3,3,3,3,3,3,4,3,3,3,4,1,2,4,1,0,0
4,1,12,9,4,8,1,11,12,1,3,0,2,0,6,16,5,4,8,1,1,1,1,1,16,2,17,1,1,1,3,3,3,3,3,3,3,3,3,3,3,4,3,3,3,3,3,3,3,3,4,3,3,3,4,1,2,3,1,1,1
5,1,0,9,1,16,5,10,11,3,3,0,1,11,6,16,5,4,8,1,0,1,1,1,16,2,17,1,1,0,0,1,0,0,0,0,0,0,0,0,0,1,1,0,0,0,0,0,0,0,1,0,0,0,4,1,3,4,1,0,0
5,2,9,0,7,8,7,11,10,2,3,0,1,4,6,16,5,4,8,1,0,1,1,1,16,15,0,1,0,0,1,0,0,0,0,0,0,3,3,3,3,4,3,3,3,3,3,3,3,3,4,3,3,3,4,1,5,4,1,0,1
5,3,7,0,7,6,7,2,10,2,3,0,2,4,6,16,5,4,8,1,1,1,1,1,16,2,17,1,1,1,0,0,0,0,0,0,3,3,3,3,3,4,3,3,3,3,3,3,3,3,4,3,3,3,4,1,3,1,1,0,0
5,4,19,9,13,0,12,11,16,3,2,0,1,5,6,16,5,4,8,1,0,1,1,1,7,2,3,0,1,0,0,1,0,1,3,3,3,3,3,3,3,4,3,3,3,3,3,3,3,3,4,3,3,3,4,1,2,4,1,0,0
6,1,8,7,8,6,4,9,18,2,3,0,2,4,6,16,5,4,8,1,1,1,1,1,16,2,17,1,1,1,0,0,0,0,0,0,3,3,3,3,3,4,3,3,3,3,3,3,3,3,4,3,3,3,4,1,3,4,1,0,0
6,2,8,9,15,9,4,9,1,1,3,0,2,8,6,16,5,4,8,1,1,1,1,1,16,2,17,1,1,1,0,0,0,0,0,0,0,0,0,0,0,1,3,3,3,3,3,3,3,3,4,3,3,3,4,1,3,4,1,0,0
6,3,15,1,8,6,9,1,19,2,3,0,2,4,6,16,5,4,8,1,1,1,1,1,16,2,17,1,1,1,0,0,0,0,0,3,3,3,3,3,3,4,3,3,3,3,3,3,3,3,4,3,3,3,4,1,3,1,1,0,0
6,4,15,4,7,6,9,1,12,2,3,0,2,4,6,16,5,4,8,1,1,1,1,1,16,2,17,1,1,1,0,0,0,0,0,0,0,0,0,0,0,1,0,0,0,0,0,0,0,0,1,0,0,0,1,1,3,4,1,0,0
6,5,15,4,7,6,9,1,12,2,3,0,2,4,6,16,5,4,8,1,1,1,1,1,16,2,17,1,1,1,0,0,0,0,0,0,0,0,0,0,0,1,0,0,0,0,0,0,0,0,1,0,0,0,1,1,3,1,1,0,0
6,6,10,4,16,9,6,3,11,2,3,0,2,4,6,16,5,4,8,1,0,1,1,1,16,2,17,1,1,1,0,0,0,0,0,0,0,0,0,0,0,2,0,0,3,3,3,3,3,3,4,3,3,3,4,1,3,4,1,0,0
6,7,0,14,2,10,3,5,17,2,3,0,2,4,6,16,5,4,8,1,1,1,1,1,16,2,17,1,1,1,0,0,0,0,0,0,0,0,0,0,0,1,0,0,0,0,0,0,0,0,4,3,3,3,4,1,3,4,1,0,0
6,8,0,8,11,16,5,7,8,2,3,0,2,4,6,16,5,4,8,1,1,1,1,1,16,2,17,1,1,1,0,0,0,0,0,0,0,0,0,0,0,1,0,0,0,0,0,0,0,0,1,0,0,0,1,1,3,3,1,0,0
6,9,0,4,2,14,3,10,1,2,3,0,2,4,6,16,5,4,8,1,1,1,1,1,16,2,17,1,1,1,0,0,0,0,0,0,0,0,0,0,0,4,3,3,3,3,3,3,3,3,4,3,3,3,4,1,3,4,1,0,0
6,10,13,14,9,12,3,5,6,6,3,0,2,4,6,16,5,4,8,1,0,1,1,1,16,2,17,1,1,1,0,1,0,0,0,0,0,0,0,0,0,4,3,3,3,3,3,3,3,3,4,3,3,3,4,1,3,4,1,0,0
6,11,13,10,0,8,12,11,17,2,2,0,2,4,6,16,5,4,8,0,1,1,1,1,3,2,17,0,1,1,0,0,0,0,0,0,0,0,0,1,1,2,0,0,0,0,0,1,0,0,1,0,1,0,1,1,2,3,1,0,1
6,12,13,14,14,2,7,5,16,2,3,0,2,4,6,16,5,4,8,1,1,1,1,1,16,2,17,1,1,1,0,0,0,0,0,0,0,3,3,3,3,4,3,3,3,3,3,3,3,3,4,3,3,3,4,1,3,4,1,0,0
6,13,6,14,17,5,11,5,17,2,3,0,2,4,6,16,5,4,8,1,1,1,1,1,16,2,17,1,1,1,0,3,3,3,3,3,3,3,3,3,3,4,3,3,3,3,3,3,3,3,4,3,3,3,4,1,3,4,1,0,0
6,14,18,12,17,14,11,0,7,2,3,0,2,4,6,16,5,4,8,1,1,1,1,1,16,2,17,1,1,1,0,0,0,0,0,0,0,0,0,0,0,1,0,0,0,0,0,0,0,0,1,0,0,0,1,1,3,4,1,0,0
6,15,18,8,15,12,5,10,10,2,3,0,2,4,6,16,5,4,8,1,1,1,1,1,16,2,17,1,1,1,0,0,0,0,0,0,0,0,3,3,3,4,3,3,3,3,3,3,3,3,4,3,3,3,4,1,3,4,1,0,0
6,16,4,10,14,7,8,8,14,3,5,0,2,4,6,16,5,4,8,1,0,1,1,1,2,2,17,0,1,1,0,0,0,0,0,0,0,0,0,0,0,1,0,0,0,1,0,0,0,0,1,0,1,0,1,1,2,4,1,0,0
6,17,3,9,12,15,2,6,10,1,3,0,2,0,6,16,5,4,8,1,1,1,1,1,16,2,17,1,1,1,0,0,0,0,0,0,0,0,0,0,0,1,0,0,0,0,3,3,3,3,4,3,3,3,4,1,3,4,1,0,0
6,18,7,1,7,6,7,2,3,2,3,0,2,4,6,16,5,4,8,1,1,1,1,1,16,2,17,1,1,1,0,0,0,3,3,3,3,3,3,3,3,4,3,3,3,3,3,3,3,3,4,3,3,3,4,1,3,4,1,0,0
7,1,2,17,4,8,1,11,4,2,3,0,2,4,6,16,5,4,8,1,1,1,1,1,9,5,4,0,0,0,0,3,3,3,3,3,3,3,3,3,3,4,3,3,3,3,3,3,3,3,4,3,3,3,4,1,3,3,1,1,1
7,2,12,9,4,8,1,11,3,6,4,0,2,0,6,16,5,4,8,1,1,1,1,1,15,2,17,0,1,1,3,3,3,3,3,3,3,3,3,3,3,4,3,3,3,3,3,3,3,3,4,3,3,3,4,1,2,3,1,1,1
8,1,2,2,14,8,14,11,14,6,4,0,2,4,6,16,5,4,8,1,1,1,1,1,4,2,17,0,1,1,0,0,0,0,0,0,0,0,0,0,0,1,0,0,0,3,3,3,3,3,4,3,3,3,4,1,2,4,1,0,1
8,2,19,9,2,15,8,11,12,6,4,0,2,2,6,16,5,4,8,1,1,1,1,1,10,2,17,0,1,1,0,0,0,0,3,3,3,3,3,3,3,4,3,3,3,3,3,3,3,3,4,3,3,3,4,1,2,4,1,0,0
8,3,12,6,10,13,10,4,16,2,3,0,2,2,6,16,5,4,8,1,1,1,1,1,4,2,17,0,1,1,0,3,3,3,3,3,3,3,3,3,3,4,3,3,3,3,3,3,3,3,4,3,3,3,4,1,2,3,1,0,0
9,1,6,12,2,10,5,7,12,2,3,0,2,4,6,0,5,4,8,1,0,0,0,1,16,2,17,1,1,1,3,1,1,2,1,0,1,1,0,0,1,2,1,1,1,1,0,0,1,0,2,0,1,0,4,1,3,4,1,0,0
10,1,8,3,7,2,9,1,5,2,3,0,2,4,6,16,5,4,8,0,1,1,1,1,16,2,17,1,1,1,1,0,0,0,0,0,0,0,3,3,3,4,3,3,3,3,3,3,3,3,4,3,3,3,4,1,3,1,1,0,0
10,2,13,4,8,3,13,3,5,2,3,0,2,4,6,16,5,4,8,1,1,1,1,1,16,2,17,1,1,1,0,3,3,3,3,3,3,3,3,3,3,4,3,3,3,3,3,3,3,3,4,3,3,3,4,1,3,4,1,0,0
10,3,13,4,8,11,13,3,5,2,3,0,2,4,6,16,5,4,8,1,1,1,1,1,16,2,17,1,1,1,0,0,0,0,3,3,3,3,3,3,3,4,3,3,3,3,3,3,3,3,4,3,3,3,4,1,3,4,1,0,0
10,4,18,11,12,15,16,7,17,2,3,0,2,4,6,16,5,4,8,1,1,1,1,1,16,2,17,1,1,1,0,0,0,0,0,0,0,0,0,0,0,1,0,0,0,0,0,3,3,3,4,3,3,3,4,1,3,4,1,0,0
10,5,18,8,9,12,5,7,5,2,3,0,2,4,6,16,5,4,8,1,1,1,1,1,16,2,17,1,1,1,0,0,0,0,0,0,0,0,0,0,0,4,3,3,3,3,3,3,3,3,4,3,3,3,4,1,3,4,1,0,0
10,6,4,9,4,16,1,15,3,2,3,0,2,9,6,16,5,4,8,1,1,1,1,1,16,2,17,1,1,1,0,0,0,0,0,0,0,0,0,0,0,1,0,0,0,0,0,0,0,0,1,0,0,0,4,1,3,4,1,1,0
10,7,4,8,7,6,5,7,5,2,3,0,2,4,6,16,5,4,8,1,1,1,1,1,16,2,17,1,1,1,0,0,0,0,0,0,0,3,3,3,3,4,3,3,3,3,3,3,3,3,4,3,3,3,4,1,3,4,1,0,0
10,8,5,11,12,15,11,0,8,2,3,0,2,4,6,16,5,4,8,1,1,1,1,1,16,2,17,1,1,1,0,0,0,0,0,0,0,0,0,3,3,4,3,3,3,3,3,3,3,3,4,3,3,3,4,1,3,4,1,0,0
10,9,17,2,11,13,8,8,9,3,5,0,2,5,6,16,5,4,8,1,1,1,1,1,10,2,17,0,1,1,0,0,0,0,0,0,0,0,0,0,0,1,0,0,0,0,0,0,0,0,1,0,0,0,1,1,2,4,1,0,0
10,10,17,1,2,14,2,15,3,2,3,0,2,13,6,16,5,4,8,1,1,1,1,1,16,2,17,1,1,1,0,0,0,0,0,0,0,0,0,0,0,1,0,0,0,0,0,0,0,0,1,0,0,0,1,1,3,4,1,0,0
10,11,3,17,9,0,11,0,13,2,3,0,2,9,6,16,5,4,8,1,1,1,1,1,16,2,17,1,1,1,0,0,0,0,0,0,0,0,0,0,3,4,3,3,3,3,3,3,3,3,4,3,3,3,4,1,3,4,1,0,0
10,12,3,12,4,3,16,12,4,2,3,0,2,4,6,16,5,4,8,1,1,1,1,1,16,2,17,1,1,1,0,3,3,3,3,3,3,3,3,3,3,4,3,3,3,3,3,3,3,3,4,3,3,3,4,1,2,5,1,0,0
10,13,11,9,17,16,8,8,1,6,4,0,2,2,6,16,5,4,8,1,1,1,1,1,10,2,17,0,1,1,0,0,0,0,0,0,0,0,0,0,0,1,0,0,0,0,0,0,0,0,4,3,3,3,4,1,2,4,1,0,0
10,14,2,9,17,8,8,11,17,6,2,0,2,2,6,16,5,4,8,1,1,1,1,1,9,2,17,0,1,1,0,0,0,0,3,3,3,3,3,3,3,4,3,3,3,3,3,3,3,3,4,3,3,3,4,1,2,1,1,0,1
10,15,1,3,4,3,15,14,4,2,3,0,2,4,6,16,5,4,8,1,1,1,1,1,16,2,17,1,1,1,0,3,3,3,3,3,3,3,3,3,3,4,3,3,3,3,3,3,3,3,4,3,3,3,4,1,3,5,1,0,0
10,16,1,3,4,3,15,14,4,2,3,0,2,4,6,16,5,4,8,1,1,1,1,1,16,2,17,1,1,1,0,3,3,3,3,3,3,3,3,3,3,4,3,3,3,3,3,3,3,3,4,3,3,3,4,1,3,5,1,0,0
10,17,1,3,4,3,15,14,4,2,3,0,2,4,6,16,5,4,8,1,1,1,1,1,16,2,17,1,1,1,0,3,3,3,3,3,3,3,3,3,3,4,3,3,3,3,3,3,3,3,4,3,3,3,4,1,3,5,1,0,0
10,18,1,3,4,3,15,14,4,2,3,0,2,4,6,16,5,4,8,1,1,1,1,1,16,2,17,1,1,1,0,3,3,3,3,3,3,3,3,3,3,4,3,3,3,3,3,3,3,3,4,3,3,3,4,1,3,5,1,0,0
10,19,9,9,4,8,1,11,12,6,4,0,2,5,6,16,5,4,8,1,1,1,1,1,1,2,17,0,1,1,0,0,0,0,0,0,0,0,3,3,3,4,3,3,3,3,3,3,3,3,4,3,3,3,4,1,2,4,1,1,1
10,20,7,10,2,14,8,8,6,2,4,0,2,2,6,16,5,4,8,1,1,1,1,1,15,2,17,0,1,1,0,0,0,0,0,0,3,3,3,3,3,4,3,3,3,3,3,3,3,3,4,3,3,3,4,1,2,4,1,0,0
11,1,13,9,4,5,1,3,1,1,3,0,2,8,6,16,5,4,8,1,1,1,1,1,16,2,17,1,1,1,3,3,3,3,3,3,3,3,3,3,3,4,3,3,3,3,3,3,3,3,4,3,3,3,4,1,3,3,1,1,0
11,2,6,8,2,10,16,7,11,2,3,0,2,4,6,16,5,4,8,1,0,1,1,1,16,2,17,1,1,1,0,0,0,0,0,0,1,0,0,1,0,1,0,0,0,3,3,3,3,3,4,3,3,3,4,1,3,4,1,0,0
11,3,18,9,4,8,1,11,16,4,2,0,1,1,6,6,5,4,8,1,0,1,1,1,6,2,3,0,1,0,0,1,1,0,0,0,1,1,0,0,0,1,1,1,1,1,1,0,1,1,2,1,1,0,4,1,2,3,1,1,1
11,4,3,17,7,6,11,0,13,1,3,0,2,10,6,16,5,4,8,1,0,1,1,1,16,2,17,1,1,1,0,0,0,0,0,1,3,3,3,3,3,4,3,3,3,3,3,3,3,3,4,3,3,3,4,1,3,4,1,0,0
11,5,3,13,16,9,15,14,16,2,3,0,2,8,6,16,5,4,8,1,0,0,0,0,16,2,17,1,1,1,3,3,3,3,2,1,1,0,1,1,0,1,1,3,3,3,3,3,3,3,4,3,3,3,4,1,3,4,1,0,0
11,6,9,16,15,8,1,11,3,2,3,0,2,9,6,16,5,4,8,1,1,1,1,1,12,2,17,0,1,1,0,0,0,0,0,0,0,0,0,0,3,4,3,3,3,3,3,3,3,3,4,3,3,3,4,1,2,4,1,0,1
12,1,15,1,0,1,2,15,4,2,3,0,2,4,6,16,5,4,8,1,0,1,1,1,9,5,4,0,0,0,0,0,0,0,0,0,0,0,0,0,0,1,0,0,0,0,0,0,0,0,1,0,0,0,1,1,3,3,1,0,0
12,2,14,8,6,1,0,4,4,2,3,0,2,4,6,16,5,4,8,1,0,1,1,1,9,5,4,0,0,0,0,0,0,0,0,0,0,0,0,0,0,1,0,0,0,0,0,0,0,1,1,0,0,0,4,1,3,3,1,0,0
12,3,14,8,6,13,0,10,17,2,3,0,2,4,6,16,5,4,8,1,1,1,1,1,16,2,17,1,1,1,0,0,0,0,0,0,0,0,0,0,0,1,0,0,0,0,0,0,0,0,1,0,0,0,1,1,3,3,1,0,0
12,4,13,9,4,15,1,5,13,2,3,0,3,9,6,16,5,4,8,1,0,1,1,1,16,2,0,1,1,0,0,0,0,0,0,0,0,0,0,0,0,1,0,0,1,3,3,3,3,3,4,3,3,3,4,1,3,4,1,1,0
12,5,13,9,4,8,1,11,11,0,5,0,2,8,6,16,5,4,8,1,1,1,1,1,15,2,17,0,1,1,0,0,0,0,0,0,0,0,0,0,0,1,0,0,0,0,0,0,0,0,1,0,0,0,4,1,2,3,1,1,1
12,6,13,9,4,9,1,5,19,6,3,0,2,8,6,16,5,4,8,1,1,1,1,1,16,2,17,1,1,1,0,0,0,0,0,0,0,0,0,0,0,1,0,3,3,3,3,3,3,3,4,3,3,3,4,1,3,3,1,1,0
12,7,6,9,7,11,3,5,19,4,3,0,2,3,6,16,5,4,8,1,1,1,1,1,16,2,17,1,1,1,0,0,0,0,0,3,3,3,3,3,3,4,3,3,3,3,3,3,3,3,4,3,3,3,4,1,3,4,1,0,0
12,8,18,9,15,5,5,10,12,1,3,0,2,13,6,16,5,4,8,1,1,1,1,1,16,2,17,1,1,1,0,0,0,3,3,3,3,3,3,3,3,4,3,3,3,3,3,3,3,3,4,3,3,3,4,1,3,4,1,0,0
12,9,18,9,16,2,5,7,1,4,3,0,2,5,6,16,5,4,8,1,1,1,1,1,16,2,17,1,1,1,0,0,0,0,0,0,0,0,3,3,3,4,3,3,3,3,3,3,3,3,4,3,3,3,4,1,3,4,1,0,0
12,10,17,9,4,15,1,0,12,2,3,0,2,10,6,16,5,4,8,1,1,1,1,1,16,2,17,1,1,1,0,0,0,0,0,0,0,0,0,0,0,1,0,0,0,3,3,3,3,3,4,3,3,3,4,1,3,4,1,1,0
12,11,1,9,4,8,1,11,11,0,2,0,2,0,6,16,5,4,8,1,1,1,1,1,0,2,17,0,1,1,0,0,0,0,0,0,0,0,0,0,0,1,3,3,3,3,3,3,3,3,4,3,3,3,4,1,2,3,1,1,1
12,12,7,1,4,3,2,15,4,2,3,0,2,1,6,16,5,4,8,1,1,1,1,1,9,5,4,0,0,0,0,0,3,3,3,3,3,3,3,3,3,4,3,3,3,3,3,3,3,3,4,3,3,3,4,1,3,3,1,0,0
13,1,8,9,14,14,13,13,9,4,3,0,2,3,6,16,5,4,8,1,1,1,1,1,16,2,17,1,1,1,0,0,0,0,0,0,0,0,0,0,0,1,0,0,0,0,0,0,0,0,1,0,0,0,4,1,3,4,1,0,0
13,2,0,4,9,12,13,3,10,2,3,0,2,4,6,16,5,4,8,1,1,1,1,1,16,2,17,1,1,1,0,0,0,0,0,0,0,0,0,0,0,1,3,3,3,3,3,3,3,3,4,3,3,3,4,1,3,4,1,0,0
13,3,6,14,6,1,0,4,15,2,3,0,2,4,6,16,5,4,8,1,1,1,1,1,16,2,17,1,1,1,0,3,3,3,3,3,3,3,3,3,3,4,3,3,3,3,3,3,3,3,4,3,3,3,4,1,3,3,1,0,0
13,4,6,14,8,11,3,5,13,2,3,0,2,4,6,16,5,4,8,1,1,1,1,1,16,2,17,1,1,1,0,0,0,0,0,3,3,3,3,3,3,4,3,3,3,3,3,3,3,3,4,3,3,3,4,1,3,4,1,0,0
13,5,6,5,7,6,3,10,5,2,3,0,2,4,6,16,5,4,8,1,1,1,1,1,16,2,17,1,1,1,3,3,3,3,3,3,3,3,3,3,3,4,3,3,3,3,3,3,3,3,4,3,3,3,4,1,3,4,1,0,0
13,6,4,9,4,16,1,6,11,0,3,0,2,0,6,16,5,4,8,1,1,1,1,1,16,2,17,1,1,1,0,0,0,0,0,0,0,0,0,0,0,1,0,0,0,0,0,0,0,0,1,0,0,0,4,1,3,3,1,1,0
14,1,0,9,16,11,13,3,15,5,3,0,2,11,6,16,5,4,8,1,1,1,1,1,16,2,17,1,1,1,0,0,0,0,0,3,3,3,3,3,3,4,3,3,3,3,3,3,3,3,4,3,3,3,4,1,3,4,1,0,0
14,2,6,1,0,1,10,4,2,2,3,0,2,11,6,16,5,4,8,1,1,1,1,1,16,2,17,1,1,1,0,0,0,0,0,0,0,0,0,0,0,1,0,0,0,0,0,0,0,0,1,0,0,3,4,1,3,0,1,0,0
14,3,5,12,14,11,8,7,2,2,3,0,2,4,6,16,5,4,8,1,1,1,1,1,16,2,17,1,1,1,0,0,0,0,3,3,3,3,3,3,3,4,3,3,3,3,3,3,3,3,4,3,3,3,4,1,3,4,1,0,0
14,4,3,0,11,8,12,11,11,2,3,0,2,4,6,16,5,4,8,1,1,1,1,1,16,2,17,1,1,1,0,0,0,0,0,0,0,0,0,0,0,1,0,0,0,0,0,0,0,0,1,0,0,0,4,1,2,3,1,0,1
14,5,2,3,3,5,15,14,16,2,3,0,2,4,6,16,5,4,8,1,1,1,1,1,16,2,17,1,1,1,0,0,3,3,3,3,3,3,3,3,3,4,3,3,3,3,3,3,3,3,4,3,3,3,4,1,3,1,1,0,0
15,1,6,3,9,0,3,10,3,2,3,0,2,4,6,16,5,4,8,1,1,1,1,1,16,2,17,1,1,1,0,0,0,0,0,0,0,0,0,0,0,4,3,3,3,3,3,3,3,3,4,3,3,3,4,1,3,1,1,0,0
15,2,18,11,12,10,5,7,4,2,3,0,2,4,6,16,5,4,8,1,1,1,1,1,9,5,4,0,0,0,0,0,0,0,0,0,0,0,0,0,0,1,0,0,0,0,0,0,0,0,1,3,3,3,4,1,3,3,1,0,0
15,3,5,9,4,9,1,12,6,6,3,0,2,8,6,16,5,4,8,1,1,1,1,1,16,2,17,1,1,1,0,0,0,0,0,0,0,0,0,0,0,1,3,3,3,3,3,3,3,3,4,3,3,3,4,1,3,3,1,1,0
15,4,17,9,1,10,12,6,9,3,3,0,1,3,6,16,5,4,8,1,0,1,1,1,16,2,17,1,1,0,0,0,0,0,0,0,1,0,0,0,0,1,0,0,0,0,0,0,0,0,1,0,0,0,4,1,3,4,1,0,0
15,5,2,9,4,9,1,6,17,4,3,0,2,1,6,16,5,4,8,1,1,1,1,1,16,2,17,1,1,1,0,0,0,0,0,0,0,0,0,0,0,1,3,3,3,3,3,3,3,3,4,3,3,3,4,1,3,3,1,1,0
15,6,1,9,4,8,1,11,16,4,2,0,2,0,6,16,5,4,8,1,1,1,1,1,6,2,17,0,1,1,0,0,0,0,0,0,0,0,0,0,0,4,3,3,3,3,3,3,3,3,4,3,3,3,4,1,2,3,1,1,1
15,7,7,9,2,14,8,8,9,0,5,0,2,11,6,16,5,4,8,1,1,1,1,1,1,2,17,0,1,1,0,0,0,0,0,0,0,3,3,3,3,4,3,3,3,3,3,3,3,3,4,3,3,3,4,1,2,4,1,0,0
15,8,19,9,2,10,8,8,16,4,2,0,2,2,6,16,5,4,8,1,1,1,1,1,11,2,17,0,1,1,0,0,0,0,3,3,3,3,3,3,3,4,3,3,3,3,3,3,3,3,4,3,3,3,4,1,2,4,1,0,0
15,9,19,9,4,8,1,11,1,1,4,0,2,0,6,16,5,4,8,1,1,1,1,1,6,2,17,0,1,1,0,0,0,3,3,3,3,3,3,3,3,4,3,3,3,3,3,3,3,3,4,3,3,3,4,1,2,3,1,1,1
16,1,13,9,8,11,13,5,6,1,3,0,3,4,6,16,5,4,8,1,0,1,1,1,16,2,11,1,1,0,0,0,0,0,0,1,3,3,3,3,3,4,3,3,3,3,3,3,3,3,4,3,3,3,4,1,3,4,1,0,0
16,2,6,9,4,8,1,11,7,3,3,0,3,7,6,16,5,4,8,1,0,1,1,1,4,2,17,0,1,0,0,0,0,0,0,0,1,0,0,0,0,1,0,0,0,0,1,0,0,0,1,0,0,0,4,1,2,3,1,1,1
16,3,5,10,14,8,8,11,15,4,5,0,2,4,6,16,5,4,8,1,1,1,1,1,5,2,17,0,1,1,0,0,0,0,0,0,0,0,0,0,0,1,0,0,0,0,0,0,0,0,1,0,0,0,1,3,2,0,1,0,1
17,1,4,8,8,11,5,10,3,2,3,0,2,4,6,16,5,4,8,1,1,1,1,1,16,2,17,1,1,1,0,0,0,0,0,0,0,3,3,3,3,4,3,3,3,3,3,3,3,3,4,3,3,3,4,1,3,4,1,0,0
17,2,4,9,1,16,2,15,14,3,3,0,2,8,6,16,5,4,8,1,1,1,1,1,16,2,17,1,1,1,0,0,0,0,0,0,0,0,0,0,0,1,0,0,0,0,0,0,0,0,1,0,0,0,4,1,3,4,1,0,0
17,3,7,9,4,8,1,11,16,4,3,0,2,5,6,16,5,4,8,1,1,1,1,1,16,2,17,0,1,1,0,0,0,0,0,3,3,3,3,3,3,4,3,3,3,3,3,3,3,3,4,3,3,3,4,1,2,3,1,1,1
18,1,7,9,4,5,1,15,13,2,3,0,2,2,6,16,5,4,8,1,1,1,1,1,16,2,17,1,1,1,0,0,3,3,3,3,3,3,3,3,3,4,3,3,3,3,3,3,3,3,4,3,3,3,4,1,3,3,1,1,0
19,1,8,4,1,16,6,13,10,2,3,0,3,4,6,16,5,4,8,0,0,1,1,1,16,2,17,1,1,0,1,0,1,1,1,1,0,0,0,0,0,1,0,0,0,0,0,0,0,0,1,0,0,0,1,1,3,4,1,0,0
19,2,15,8,6,1,0,4,8,2,3,0,2,4,6,16,5,4,8,1,1,1,1,1,16,2,17,1,1,1,0,0,0,0,0,0,0,0,0,0,0,1,0,0,0,0,0,0,0,0,1,0,0,0,1,1,3,4,1,0,0
19,3,14,4,11,16,13,3,10,2,3,0,2,4,6,16,5,4,8,1,1,1,1,1,16,2,17,1,1,1,0,0,0,0,0,0,0,0,0,0,0,1,0,0,0,0,0,0,0,0,1,0,0,0,4,1,3,3,1,0,0
19,4,0,4,1,16,5,10,15,2,3,0,2,4,6,16,5,4,8,1,1,1,1,1,16,2,17,1,1,1,0,0,0,0,0,0,0,0,0,0,0,1,0,0,3,3,3,3,3,3,4,3,3,3,4,1,3,4,1,0,0
19,5,13,14,17,16,16,12,15,2,3,0,2,4,6,16,5,4,8,1,1,1,1,1,16,2,17,1,1,1,0,0,0,0,0,0,0,3,3,3,3,4,3,3,3,3,3,3,3,3,4,3,3,3,4,1,3,4,1,0,0
19,6,13,9,4,7,1,15,15,5,3,0,2,0,6,16,5,4,8,1,1,1,1,1,16,2,17,1,1,1,0,0,0,0,0,0,0,0,0,0,0,1,0,0,0,0,0,0,0,0,1,0,0,0,4,1,3,3,1,1,0
19,7,6,14,17,16,11,0,15,2,3,0,2,4,6,16,5,4,8,1,1,1,1,1,16,2,17,1,1,1,0,0,0,0,0,0,0,0,0,0,0,4,3,3,3,3,3,3,3,3,4,3,3,3,4,1,3,4,1,0,0
19,8,18,8,1,16,15,14,15,2,3,0,2,4,6,16,5,4,8,1,1,1,1,1,16,2,17,1,1,1,0,0,0,0,0,0,0,0,3,3,3,4,3,3,3,3,3,3,3,3,4,3,3,3,4,1,3,4,1,0,0
19,9,18,9,4,2,1,10,11,0,3,0,2,5,6,16,5,4,8,1,1,1,1,1,16,2,17,1,1,1,0,0,0,0,0,0,0,0,0,3,3,4,3,3,3,3,3,3,3,3,4,3,3,3,4,1,3,3,1,1,0
19,10,4,17,17,14,15,14,9,2,3,0,2,4,6,16,5,4,8,1,1,1,1,1,16,2,17,1,1,1,0,0,0,0,0,0,0,0,0,0,0,1,0,0,0,0,0,0,0,0,1,0,0,0,1,1,3,3,1,0,0
19,11,4,10,14,7,8,8,15,3,5,0,2,2,6,16,5,4,8,1,1,1,1,1,8,2,17,0,1,1,0,0,0,0,0,0,0,0,0,0,0,1,0,0,0,0,0,0,0,0,1,0,0,0,1,1,2,4,1,0,0
19,12,5,9,14,10,8,0,2,5,3,0,2,13,6,16,5,4,8,1,1,1,1,1,16,2,17,1,1,1,0,0,0,0,0,0,0,0,0,0,0,1,0,0,0,0,0,0,0,0,4,3,3,3,4,1,3,4,1,0,0
19,13,2,9,1,12,8,6,2,5,3,0,2,3,6,16,5,4,8,1,1,1,1,1,16,2,17,1,1,1,0,0,0,0,0,0,0,0,0,0,0,1,3,3,3,3,3,3,3,3,4,3,3,3,4,1,3,4,1,0,0
19,14,2,9,14,7,10,8,7,2,3,0,2,7,6,16,5,4,8,1,1,1,1,1,16,2,17,0,1,1,0,0,0,0,0,0,0,0,0,0,0,1,0,0,0,0,3,3,3,3,4,3,3,3,4,1,2,3,1,0,0
19,15,9,9,4,8,1,11,15,5,3,0,2,7,6,16,5,4,8,1,1,1,1,1,16,2,17,0,1,1,0,0,0,0,0,0,0,0,3,3,3,4,3,3,3,3,3,3,3,3,4,3,3,3,4,1,2,3,1,1,1
19,16,7,9,11,5,14,15,2,5,3,0,2,3,6,16,5,4,8,1,1,1,1,1,16,2,17,1,1,1,0,0,3,3,3,3,3,3,3,3,3,4,3,3,3,3,3,3,3,3,4,3,3,3,4,1,3,4,1,0,0
20,1,8,14,7,6,4,9,13,2,3,0,2,4,6,16,5,4,8,1,1,1,1,1,16,2,17,1,1,1,0,3,3,3,3,3,3,3,3,3,3,4,3,3,3,3,3,3,3,3,4,3,3,3,4,1,4,4,1,0,0
20,2,18,3,11,16,15,14,4,2,3,0,2,4,6,16,5,4,8,1,0,0,0,0,9,5,4,0,0,0,0,0,0,0,0,0,0,0,0,0,0,1,0,0,0,0,0,0,0,0,1,0,0,0,1,1,3,3,1,0,0
20,3,5,17,4,3,5,7,4,2,3,0,2,6,6,16,5,4,8,1,1,1,1,1,16,2,17,1,1,1,0,0,0,3,3,3,3,3,3,3,3,4,3,3,3,3,3,3,3,3,4,3,3,3,4,1,3,5,1,0,0
20,4,5,17,4,3,5,7,4,2,3,0,2,6,6,16,5,4,8,1,0,1,1,1,16,2,17,1,1,1,1,1,0,3,3,3,3,3,3,3,3,4,3,3,3,3,3,3,3,3,4,3,3,3,4,1,3,5,1,0,0
20,5,5,17,4,3,5,7,4,2,3,0,2,6,6,16,5,4,8,1,0,1,1,1,16,2,17,1,1,1,1,1,0,3,3,3,3,3,3,3,3,4,3,3,3,3,3,3,3,3,4,3,3,3,4,1,3,5,1,0,0
20,6,5,17,4,3,5,7,4,2,3,0,2,2,6,16,5,4,8,1,1,1,1,1,16,2,17,1,1,1,0,0,0,3,3,3,3,3,3,3,3,4,3,3,3,3,3,3,3,3,4,3,3,3,4,1,3,5,1,0,0
20,7,5,17,4,3,5,7,4,2,3,0,2,6,6,16,5,4,8,1,1,1,1,1,16,2,17,1,1,1,0,0,0,3,3,3,3,3,3,3,3,4,3,3,3,3,3,3,3,3,4,3,3,3,4,1,3,5,1,0,0
20,8,17,17,4,3,16,7,4,2,3,0,2,6,6,16,5,4,8,1,1,1,1,0,16,2,17,1,1,1,3,3,0,3,3,3,3,3,3,3,3,4,3,3,3,3,3,3,3,3,4,3,3,3,4,1,3,5,1,0,0
20,9,11,16,17,8,12,11,16,2,2,0,2,1,6,16,5,4,8,1,1,1,1,1,15,2,17,0,1,1,0,0,0,0,0,0,0,0,0,0,0,1,0,0,0,0,0,0,0,0,1,0,3,3,4,1,2,3,1,0,1
20,10,2,13,8,11,15,14,18,2,3,0,2,4,6,16,5,4,8,1,1,1,1,1,16,2,17,1,1,1,0,0,0,0,0,0,0,3,3,3,3,4,3,3,3,3,3,3,3,3,4,3,3,3,4,1,3,5,1,0,0
20,11,2,9,7,6,15,14,6,1,3,0,2,9,6,16,5,4,8,1,1,1,1,1,16,2,17,1,1,1,0,0,0,0,0,0,3,3,3,3,3,4,3,3,3,3,3,3,3,3,4,3,3,3,4,1,3,4,1,0,0
20,12,9,1,7,6,2,15,5,2,3,0,2,4,6,16,5,4,8,1,0,1,1,1,16,2,17,1,1,1,0,0,0,1,0,0,3,3,3,3,3,4,3,3,3,3,3,3,3,3,4,3,3,3,4,1,3,5,1,0,0
20,13,7,13,4,3,2,6,4,2,3,0,2,6,6,16,5,4,8,1,1,1,1,1,16,2,17,1,1,1,0,0,3,3,3,3,3,3,3,3,3,4,3,3,3,3,3,3,3,3,4,3,3,3,4,1,3,5,1,0,0
20,14,9,9,7,6,7,15,13,6,3,0,2,9,6,16,5,4,8,1,1,1,1,1,16,2,17,1,1,1,0,0,0,0,0,0,3,3,3,3,3,4,3,3,3,3,3,3,3,3,4,3,3,3,4,1,3,4,1,0,0
20,15,19,9,4,8,1,11,13,1,3,0,2,5,6,16,5,4,8,1,1,1,1,1,1,2,17,0,1,1,0,0,3,3,3,3,3,3,3,3,3,4,3,3,3,3,3,3,3,3,4,3,3,3,4,1,2,4,1,1,1
21,1,16,14,1,16,9,1,14,2,3,0,2,2,6,16,5,4,8,1,1,1,1,1,16,2,17,1,1,1,0,0,0,0,0,0,3,3,3,3,3,4,3,3,3,3,3,3,3,3,4,3,3,3,4,1,3,4,1,0,0
21,2,13,1,1,15,16,10,8,2,3,0,2,2,6,16,5,4,8,1,1,1,1,1,16,2,17,1,1,1,0,0,0,0,0,0,0,0,0,0,0,1,0,0,0,0,0,3,3,3,4,3,3,3,4,1,3,3,1,0,0
21,3,13,2,0,8,14,11,7,2,3,0,2,8,6,16,5,4,8,1,1,1,1,1,16,2,17,1,1,1,0,0,0,0,0,0,0,0,0,0,0,1,0,0,0,0,0,0,0,0,1,0,0,0,1,1,2,3,1,0,1
21,4,18,8,15,5,5,10,0,2,3,0,2,2,6,16,5,4,8,1,1,1,1,1,16,2,17,1,1,1,0,3,3,3,3,3,3,3,3,3,3,4,3,3,3,3,3,3,3,3,4,3,3,3,4,1,3,4,1,0,0
21,5,4,5,14,16,8,15,2,2,3,0,2,3,6,16,5,4,8,0,1,1,1,1,16,2,17,1,1,1,0,0,0,0,1,1,0,0,0,0,1,1,0,0,0,0,0,0,0,0,1,0,0,0,1,1,3,4,1,0,0
21,6,5,5,14,14,8,15,0,2,3,0,2,13,6,16,5,4,8,1,1,1,1,1,16,2,17,1,1,1,0,0,0,0,0,0,0,0,0,0,0,1,0,0,0,0,0,0,0,0,1,0,0,0,1,1,3,4,1,0,0
21,7,2,3,15,5,7,14,17,2,3,0,2,8,6,16,5,4,8,1,1,1,1,1,16,2,17,1,1,1,0,0,0,3,3,3,3,3,3,3,3,4,3,3,3,3,3,3,3,3,4,3,3,3,4,1,3,4,1,0,0
21,8,1,5,15,0,7,15,19,6,3,0,2,5,6,16,5,4,8,0,1,1,1,1,16,2,17,1,1,1,0,1,0,0,0,0,0,0,0,0,3,4,3,3,3,3,3,3,3,3,4,3,3,3,4,1,3,4,1,0,0
21,9,1,5,17,2,8,15,15,2,3,0,2,13,6,16,5,4,8,1,1,1,1,1,16,2,17,1,1,1,0,0,0,0,0,0,0,0,0,3,3,4,3,3,3,3,3,3,3,3,4,3,3,3,4,1,3,4,1,0,0
21,10,7,6,4,8,1,11,0,5,2,0,2,9,6,16,5,4,8,1,1,1,1,1,4,2,17,0,1,1,0,0,3,3,3,3,3,3,3,3,3,4,3,3,3,3,3,3,3,3,4,3,3,3,4,1,2,3,1,1,1
21,11,19,2,14,7,10,4,2,5,1,0,2,13,6,16,5,4,8,1,1,1,1,1,3,2,17,0,1,1,0,0,0,0,3,3,3,3,3,3,3,4,3,3,3,3,3,3,3,3,4,3,3,3,4,1,2,4,1,0,0
22,1,7,9,2,9,8,11,17,1,4,0,2,3,6,16,5,4,8,1,1,1,1,1,12,2,17,0,1,1,0,0,0,0,0,3,3,3,3,3,3,4,3,3,3,3,3,3,3,3,4,3,3,3,4,1,2,4,1,0,0
23,1,6,1,10,13,1,11,11,2,3,0,2,1,6,13,5,4,8,1,0,0,0,1,16,2,17,1,1,1,3,2,1,0,0,0,0,0,0,0,1,2,1,1,1,1,0,0,0,0,1,0,0,1,2,1,3,4,1,0,0
23,2,18,10,4,8,1,11,0,2,2,0,3,9,6,13,5,4,8,1,0,0,1,1,5,2,17,0,0,0,1,0,0,0,0,0,0,1,0,0,0,1,0,0,1,0,0,0,0,1,2,2,1,0,3,1,5,4,1,1,1
23,3,4,8,8,11,5,7,6,2,3,0,2,2,6,16,5,4,8,1,1,1,1,1,16,2,17,1,1,1,0,0,0,0,3,3,3,3,3,3,3,4,3,3,3,3,3,3,3,3,4,3,3,3,4,1,3,4,1,0,0
23,4,4,3,8,5,5,7,6,2,3,0,2,9,6,16,5,4,8,0,1,1,1,1,16,2,17,1,1,1,0,0,1,0,3,3,3,3,3,3,3,4,3,3,3,3,3,3,3,3,4,3,3,3,4,1,3,1,1,0,0
23,5,19,2,1,16,14,8,15,5,1,0,2,2,6,16,5,4,8,1,0,1,1,1,3,2,17,0,1,1,0,1,0,0,3,3,3,3,3,3,3,4,3,3,3,3,3,3,3,3,4,3,3,3,4,1,2,2,1,0,0
24,1,8,9,7,6,4,9,5,6,3,0,2,8,6,16,5,4,8,1,1,1,1,1,16,2,17,1,1,1,0,0,0,0,0,0,3,3,3,3,3,4,3,3,3,3,3,3,3,3,4,3,3,3,4,1,3,4,1,0,0
24,2,8,9,4,5,1,9,19,6,3,0,2,3,6,16,5,4,8,1,1,1,1,1,16,2,17,1,1,1,0,0,0,0,3,3,3,3,3,3,3,4,3,3,3,3,3,3,3,3,4,3,3,3,4,1,3,3,1,1,0
24,3,18,9,11,13,12,11,7,4,4,0,2,0,6,16,5,4,8,1,1,1,1,1,5,2,17,0,1,1,0,0,0,0,0,0,0,0,0,0,0,1,0,0,0,0,0,0,0,0,1,0,0,0,4,1,2,4,1,0,0
24,4,3,9,4,8,1,11,8,3,2,0,2,5,6,16,5,4,8,1,1,1,1,1,3,2,17,0,1,1,0,0,0,0,0,0,0,0,0,0,0,1,0,0,0,0,0,0,0,0,1,0,0,0,4,1,2,3,1,1,1
25,1,10,4,13,0,6,13,13,2,3,0,3,4,6,16,5,4,8,0,0,1,1,1,16,2,3,1,1,0,1,1,1,1,1,1,0,0,0,0,0,4,3,3,3,3,3,3,3,3,4,3,3,3,4,1,3,4,1,0,0
25,2,10,3,13,0,6,13,13,2,3,0,2,4,6,16,5,4,8,0,1,1,1,1,16,2,17,1,1,1,1,1,1,1,1,0,0,0,0,0,3,4,3,3,3,3,3,3,3,3,4,3,3,3,4,1,3,1,1,0,0
25,3,10,8,6,1,0,4,4,2,3,0,2,4,6,16,5,4,8,1,1,1,1,1,9,5,4,0,0,0,0,0,0,0,0,0,0,0,0,0,0,1,0,0,0,0,0,0,0,0,1,0,0,0,1,1,3,3,1,0,0
25,4,10,8,6,13,0,7,4,2,3,0,2,4,6,16,5,4,8,1,1,1,1,1,9,5,4,0,0,0,0,0,0,0,0,0,0,0,0,0,0,1,0,0,0,0,0,0,0,0,1,0,0,0,1,1,3,3,1,0,0
25,5,13,11,13,8,3,11,13,2,3,0,2,4,6,16,5,4,8,0,1,1,1,0,16,2,17,0,0,0,0,0,0,0,0,0,0,1,0,0,0,1,0,3,3,3,3,3,3,3,4,3,3,3,4,1,2,4,1,0,1
25,6,6,14,13,0,3,5,19,2,3,0,3,4,6,16,5,4,8,0,0,1,1,1,16,2,3,1,1,0,1,0,1,0,1,0,0,0,0,0,0,4,3,3,3,3,3,3,3,3,4,3,3,3,4,1,3,4,1,0,0
25,7,6,3,13,0,3,5,19,2,3,0,2,4,6,16,5,4,8,0,1,1,1,1,16,2,17,1,1,1,0,1,0,1,0,1,1,1,1,0,3,4,3,3,3,3,3,3,3,3,4,3,3,3,4,1,3,1,1,0,0
25,8,6,3,11,13,15,14,14,2,3,0,2,3,6,16,5,4,8,1,0,1,1,1,16,2,17,1,1,1,1,0,1,0,1,1,0,0,1,0,0,1,0,0,0,0,0,0,1,0,1,0,0,0,1,1,3,4,1,0,0
25,9,6,12,9,12,3,10,19,6,3,0,2,4,6,16,5,4,8,1,0,1,1,1,16,2,17,1,1,1,1,1,0,0,1,1,1,0,1,0,0,1,3,3,3,3,3,3,3,3,4,3,3,3,4,1,3,4,1,0,0
25,10,18,3,8,6,3,10,5,2,3,0,2,4,6,16,5,4,8,1,1,1,1,1,16,2,17,1,1,1,0,0,0,0,0,0,3,3,3,3,3,4,3,3,3,3,3,3,3,3,4,3,3,3,4,1,3,1,1,0,0
25,11,4,3,8,6,5,7,13,2,3,0,2,4,6,16,5,4,8,0,1,1,1,1,16,2,17,1,1,1,1,1,1,1,0,0,3,3,3,3,3,4,3,3,3,3,3,3,3,3,4,3,3,3,4,1,3,1,1,0,0
25,12,4,13,7,2,5,7,4,2,3,0,2,4,6,16,5,4,8,1,1,1,1,1,9,5,4,0,0,0,0,0,0,0,0,0,0,3,3,3,3,4,3,3,3,3,3,3,3,3,4,3,3,3,4,1,3,3,1,0,0
25,13,4,5,11,16,12,15,7,2,3,0,2,4,0,16,5,4,8,0,1,1,1,1,16,2,17,1,1,1,1,1,1,1,1,1,1,1,1,1,1,1,1,1,0,1,1,0,1,1,2,1,0,1,2,1,3,4,1,0,0
25,14,5,2,6,1,0,4,8,2,3,0,2,5,6,16,5,4,8,1,0,1,1,1,16,2,17,1,1,1,0,0,1,0,0,0,0,0,0,0,0,1,0,0,0,0,0,0,0,0,1,0,0,0,1,1,3,3,1,0,0
25,15,7,1,3,5,2,15,3,2,3,0,2,1,6,16,5,4,8,1,1,1,1,1,16,2,17,1,1,1,0,0,3,3,3,3,3,3,3,3,3,4,3,3,3,3,3,3,3,3,4,3,3,3,4,1,3,4,1,0,0
25,16,7,1,14,7,10,4,15,2,3,0,2,1,6,16,5,4,8,1,1,1,1,1,16,2,17,1,1,1,0,0,3,3,3,3,3,3,3,3,3,4,3,3,3,3,3,3,3,3,4,3,3,3,4,1,3,4,1,0,0
25,17,19,9,4,8,1,11,12,1,4,0,2,13,6,16,5,4,8,1,1,1,1,1,7,2,17,0,1,1,0,0,0,0,3,3,3,3,3,3,3,4,3,3,3,3,3,3,3,3,4,3,3,3,4,1,2,4,1,1,1
25,18,19,16,11,13,10,8,11,4,5,0,2,3,6,16,5,4,8,1,1,1,1,1,9,2,17,0,1,1,0,0,0,3,3,3,3,3,3,3,3,4,3,3,3,3,3,3,3,3,4,3,3,3,4,1,2,4,1,0,0
25,19,12,10,13,0,12,11,13,6,3,0,2,5,6,16,5,4,8,1,1,1,1,1,18,2,17,0,1,1,0,0,3,3,3,3,3,3,3,3,3,4,3,3,3,3,3,3,3,3,4,3,3,3,4,1,2,4,1,0,0
26,1,11,9,4,6,1,14,19,6,3,0,2,9,6,16,5,4,8,1,1,1,1,1,16,2,17,1,1,1,0,0,0,0,0,0,3,3,3,3,3,4,3,3,3,3,3,3,3,3,4,3,3,3,4,1,3,3,1,1,0
26,2,2,13,13,2,2,6,6,2,3,0,2,4,6,16,5,4,8,1,1,1,1,1,16,2,17,1,1,1,0,0,0,0,0,0,0,0,3,3,3,4,3,3,3,3,3,3,3,3,4,3,3,3,4,1,3,4,1,0,0
26,3,1,13,7,6,2,6,18,2,3,0,2,4,6,16,5,4,8,1,1,1,1,1,16,2,17,1,1,1,0,0,0,0,0,3,3,3,3,3,3,4,3,3,3,3,3,3,3,3,4,3,3,3,4,1,3,4,1,0,0
26,4,1,13,8,11,2,6,18,2,3,0,2,9,6,16,5,4,8,0,1,1,1,1,16,2,17,1,1,1,0,1,0,0,0,0,3,3,3,3,3,4,3,3,3,3,3,3,3,3,4,3,3,3,4,1,3,1,1,0,0
26,5,9,5,15,9,1,11,12,2,3,0,2,9,6,16,5,4,8,1,1,1,1,1,16,2,17,1,1,1,0,0,0,0,0,0,0,0,3,3,3,4,3,3,3,3,3,3,3,3,4,3,3,3,4,1,3,4,1,0,0
26,6,7,5,8,11,7,15,6,2,3,0,2,9,6,16,5,4,8,1,1,1,1,1,16,2,17,1,1,1,0,0,0,0,3,3,3,3,3,3,3,4,3,3,3,3,3,3,3,3,4,3,3,3,4,1,3,1,1,0,0
26,7,7,1,3,5,2,15,13,2,3,0,2,9,6,16,5,4,8,1,1,1,1,1,16,2,17,1,1,1,0,0,0,3,3,3,3,3,3,3,3,4,3,3,3,3,3,3,3,3,4,3,3,3,4,1,3,4,1,0,0
26,8,7,9,4,8,1,11,6,6,4,0,2,0,6,16,5,4,8,1,1,1,1,1,3,2,17,0,1,1,0,0,0,0,0,3,3,3,3,3,3,4,3,3,3,3,3,3,3,3,4,3,3,3,4,1,2,3,1,1,1
26,9,19,9,9,5,12,15,10,4,3,0,2,11,6,16,5,4,8,1,1,1,1,1,16,2,17,1,1,1,0,0,0,3,3,3,3,3,3,3,3,4,3,3,3,3,3,3,3,3,4,3,3,3,4,1,3,4,1,0,0
26,10,12,9,4,8,1,11,10,4,2,0,2,5,6,16,5,4,8,1,1,1,1,1,11,2,17,0,1,1,0,0,3,3,3,3,3,3,3,3,3,4,3,3,3,3,3,3,3,3,4,3,3,3,4,1,2,4,1,1,1
26,11,12,9,4,8,1,11,1,1,4,0,2,0,6,16,5,4,8,1,1,1,1,1,1,2,17,0,1,1,3,3,3,3,3,3,3,3,3,3,3,4,3,3,3,3,3,3,3,3,4,3,3,3,4,1,2,3,1,1,1
27,1,16,4,17,10,9,9,14,2,3,0,2,4,6,16,5,4,8,0,1,1,1,1,16,2,17,1,1,1,0,0,1,0,0,0,0,0,0,0,0,1,0,0,0,0,0,0,0,0,1,0,3,3,4,1,3,4,1,0,0
27,2,8,4,14,13,13,3,15,2,3,0,1,4,6,16,5,4,8,0,0,1,1,1,16,2,17,1,1,0,0,0,0,0,0,0,0,0,0,1,0,1,0,0,0,0,0,0,0,0,2,0,0,1,2,1,3,4,1,0,0
27,3,8,4,14,13,13,3,15,2,3,0,2,4,6,16,5,4,8,1,1,1,1,1,16,2,17,1,1,1,0,0,0,0,0,0,0,0,0,0,0,1,0,0,0,0,0,0,0,0,1,0,0,0,1,1,3,4,1,0,0
27,4,8,7,9,12,9,1,16,2,3,0,2,4,6,16,5,4,8,1,1,1,1,1,16,2,17,1,1,1,0,0,0,0,0,0,0,0,0,0,0,1,3,3,3,3,3,3,3,3,4,3,3,3,4,1,3,4,1,0,0
27,5,8,7,7,6,9,1,8,2,3,0,1,4,6,16,5,4,8,1,0,1,1,1,16,2,0,1,1,0,0,0,1,1,0,0,3,3,3,3,3,4,3,3,3,3,3,3,3,3,4,3,3,3,4,1,3,4,1,0,0
27,6,15,7,9,12,9,13,16,2,3,0,1,4,6,16,5,4,8,0,1,1,1,1,16,2,3,1,1,0,0,0,0,1,0,0,0,0,0,0,0,1,3,3,3,3,3,3,3,3,4,3,3,3,4,1,3,4,1,0,0
27,7,15,13,9,12,9,13,16,2,3,0,2,4,6,16,5,4,8,0,1,1,1,1,16,2,17,1,1,1,1,1,0,1,1,1,0,1,0,0,0,1,3,3,3,3,3,3,3,3,4,3,3,3,4,1,3,4,1,0,0
27,8,10,4,12,15,13,3,11,2,3,0,2,4,6,16,5,4,8,1,1,1,1,1,16,2,17,1,1,1,0,0,0,0,0,0,0,0,0,0,0,1,0,0,0,0,0,3,3,3,4,3,3,3,4,1,3,4,1,0,0
27,9,10,3,12,15,13,3,11,2,3,0,2,4,6,16,5,4,8,1,1,1,1,1,16,2,17,1,1,1,0,0,0,0,0,0,0,0,0,0,0,1,0,0,0,0,0,3,3,3,4,3,3,3,4,1,3,4,1,0,0
27,10,0,3,13,0,13,3,11,2,3,0,2,4,6,16,5,4,8,0,1,1,1,1,16,2,17,1,1,1,0,0,0,0,1,0,0,0,0,0,3,4,3,3,3,3,3,3,3,3,4,3,3,3,4,1,3,4,1,0,0
27,11,13,3,3,5,13,3,14,2,3,0,2,4,6,16,5,4,8,1,1,1,1,1,16,2,17,1,1,1,0,0,0,3,3,3,3,3,3,3,3,4,3,3,3,3,3,3,3,3,4,3,3,3,4,1,3,4,1,0,0
27,12,13,9,0,8,8,11,2,5,1,0,2,4,6,16,5,4,8,1,1,1,1,1,2,2,17,0,1,1,0,0,0,0,0,0,0,0,0,0,0,1,0,0,0,0,0,0,0,0,1,0,0,0,1,1,2,4,1,0,1
27,13,6,3,12,10,5,7,14,2,3,0,2,4,6,16,5,4,8,1,1,1,1,1,16,2,17,1,1,1,0,0,0,0,0,0,0,0,0,0,0,1,0,0,0,0,0,0,0,0,1,0,0,3,4,1,3,4,1,0,0
27,14,6,0,4,8,1,11,17,2,2,0,2,4,6,16,5,4,8,1,1,1,1,1,15,2,17,0,1,1,0,0,0,0,0,0,0,0,0,0,0,1,0,0,0,0,0,0,0,0,1,0,0,0,1,1,2,3,1,1,1
27,15,6,9,12,6,3,5,11,0,3,0,2,5,6,16,5,4,8,1,1,1,1,1,16,2,17,1,1,1,0,0,0,0,0,0,0,3,3,3,3,4,3,3,3,3,3,3,3,3,4,3,3,3,4,1,3,4,1,0,0
27,16,6,9,12,15,5,10,9,5,3,0,2,8,6,16,5,4,8,1,1,1,1,1,16,2,17,1,1,1,0,0,0,0,0,0,0,0,0,0,0,1,0,0,3,3,3,3,3,3,4,3,3,3,4,1,3,4,1,0,0
27,17,4,9,1,16,2,15,15,5,3,0,3,7,6,16,5,4,8,1,0,1,1,1,16,2,17,1,1,0,0,0,0,0,0,0,0,0,0,0,0,1,0,0,0,0,0,0,0,0,1,0,1,0,4,1,3,4,1,0,0
27,18,19,9,1,16,14,8,14,0,5,0,2,3,6,16,5,4,8,1,1,1,1,1,18,2,17,0,1,1,0,0,0,0,3,3,3,3,3,3,3,4,3,3,3,3,3,3,3,3,4,3,3,3,4,1,2,4,1,0,0
28,1,3,9,2,11,7,0,14,0,3,0,2,3,6,16,5,4,8,1,1,1,1,1,16,2,17,1,1,1,0,0,0,0,0,3,3,3,3,3,3,4,3,3,3,3,3,3,3,3,4,3,3,3,4,1,3,4,1,0,0
28,2,11,9,11,2,14,14,15,5,3,0,2,3,6,16,5,4,8,1,1,1,1,1,16,2,17,1,1,1,0,0,0,0,0,0,0,0,3,3,3,4,3,3,3,3,3,3,3,3,4,3,3,3,4,1,3,4,1,0,0
28,3,9,13,17,3,8,6,15,2,3,0,2,4,6,16,5,4,8,1,1,1,1,1,16,2,17,1,1,1,0,0,3,3,3,3,3,3,3,3,3,4,3,3,3,3,3,3,3,3,4,3,3,3,4,1,3,4,1,0,0
28,4,9,9,17,2,8,2,15,5,3,0,2,11,6,16,5,4,8,1,1,1,1,1,16,2,17,1,1,1,0,0,0,0,0,0,0,0,0,3,3,4,3,3,3,3,3,3,3,3,4,3,3,3,4,1,3,4,1,0,0
29,1,18,13,8,11,3,10,6,2,3,0,2,4,6,16,5,4,8,1,1,1,1,1,16,2,17,1,1,1,0,0,0,0,0,3,3,3,3,3,3,4,3,3,3,3,3,3,3,3,4,3,3,3,4,1,3,1,1,0,0
29,2,4,13,8,11,5,7,1,2,3,0,2,5,6,16,5,4,8,1,1,1,1,1,16,2,17,1,1,1,0,0,0,0,0,3,3,3,3,3,3,4,3,3,3,3,3,3,3,3,4,3,3,3,4,1,3,1,1,0,0
29,3,5,9,15,0,11,12,17,3,3,0,3,9,6,16,5,4,8,1,0,1,1,1,16,2,17,1,1,0,0,0,0,1,0,0,0,0,0,0,3,4,3,3,3,3,3,3,3,3,4,3,3,3,4,1,3,4,1,0,0
29,4,1,9,17,16,8,8,15,5,1,0,2,0,6,16,5,4,8,1,1,1,1,1,1,2,17,0,1,1,0,0,0,0,0,0,0,0,0,0,0,1,3,3,3,3,3,3,3,3,4,3,3,3,4,1,2,4,1,0,0
29,5,12,9,4,8,1,11,16,3,2,0,2,9,6,16,5,4,8,1,1,1,1,1,18,2,17,0,1,1,0,3,3,3,3,3,3,3,3,3,3,4,3,3,3,3,3,3,3,3,4,3,3,3,4,1,2,3,1,1,1
30,1,13,9,4,8,1,11,8,3,5,0,2,3,6,16,5,4,8,1,1,1,1,1,18,2,17,0,1,1,0,0,0,0,0,0,0,0,0,0,0,1,0,0,0,0,0,0,0,0,1,0,0,0,4,1,2,3,1,1,1
30,2,4,9,9,12,16,7,7,0,3,0,2,3,6,16,5,4,8,1,1,1,1,1,16,2,17,1,1,1,0,0,0,0,0,0,0,0,0,0,0,1,3,3,3,3,3,3,3,3,4,3,3,3,4,1,3,4,1,0,0
30,3,2,9,17,16,8,8,14,3,5,0,2,3,6,16,5,4,8,1,1,1,1,1,0,2,17,0,1,1,0,0,0,0,0,0,0,0,0,0,0,1,0,0,0,0,0,0,3,3,4,3,3,3,4,1,2,4,1,0,0
30,4,7,9,4,8,1,11,16,3,2,0,2,7,6,16,5,4,8,1,1,1,1,1,10,2,17,0,1,1,0,0,0,0,0,0,0,3,3,3,3,4,3,3,3,3,3,3,3,3,4,3,3,3,4,1,2,3,1,1,1
30,5,7,9,13,0,1,11,3,1,4,0,2,3,6,16,5,4,8,1,1,1,1,1,10,2,17,0,1,1,0,0,0,0,0,3,3,3,3,3,3,4,3,3,3,3,3,3,3,3,4,3,3,3,4,1,2,4,1,0,0
31,1,8,7,9,0,9,1,6,2,3,0,2,4,6,16,5,4,8,1,1,1,1,1,16,2,17,1,1,1,0,0,0,0,0,0,0,0,0,0,0,1,3,3,3,3,3,3,3,3,4,3,3,3,4,1,3,4,1,0,0
31,2,8,3,7,6,9,1,3,2,3,0,2,4,6,16,5,4,8,1,1,1,1,1,16,2,17,1,1,1,0,0,0,0,0,0,3,3,3,3,3,4,3,3,3,3,3,3,3,3,4,3,3,3,4,1,3,4,1,0,0
31,3,6,5,0,8,8,11,7,2,3,0,2,4,6,16,5,4,8,1,1,1,1,1,16,2,17,1,1,1,0,0,0,0,0,0,0,0,0,0,0,1,0,0,0,0,0,0,0,0,1,0,0,0,1,1,2,3,1,0,1
31,4,18,9,4,16,1,6,6,4,3,0,2,9,6,16,5,4,8,1,1,1,1,1,16,2,17,1,1,1,0,0,0,0,0,0,0,0,0,0,0,1,0,0,0,0,0,0,0,0,1,0,0,0,4,1,3,3,1,1,0
31,5,2,9,7,6,15,14,12,3,3,0,2,5,6,16,5,4,8,1,1,1,1,1,16,2,17,1,1,1,0,0,0,0,0,0,3,3,3,3,3,4,3,3,3,3,3,3,3,3,4,3,3,3,4,1,3,4,1,0,0
31,6,9,9,4,8,1,11,8,3,2,0,2,9,6,16,5,4,8,1,1,1,1,1,2,2,17,0,1,1,0,0,0,0,0,0,0,0,0,3,3,4,3,3,3,3,3,3,3,3,4,3,3,3,4,1,2,3,1,1,1
32,1,16,7,7,6,4,9,10,2,3,0,2,2,6,16,5,4,8,1,1,0,0,1,16,2,17,1,1,1,0,0,3,2,2,0,0,0,0,0,3,4,3,3,3,3,3,3,3,3,4,3,3,3,4,1,3,4,1,0,0
32,2,16,7,1,16,9,1,2,2,3,0,2,2,6,16,5,4,8,1,1,1,1,1,16,2,17,1,1,1,0,0,0,0,0,0,0,0,0,0,0,4,3,3,3,3,3,3,3,3,4,3,3,3,4,1,3,2,1,0,0
32,3,8,5,14,16,13,13,2,2,1,0,2,2,6,16,5,4,8,1,1,1,1,1,3,2,17,0,1,1,0,0,0,0,0,0,0,0,0,0,0,1,0,0,0,0,0,0,0,0,1,0,0,0,1,1,2,4,1,0,0
32,4,13,12,12,15,3,10,10,1,3,0,2,2,6,16,5,4,8,1,1,1,1,1,16,2,17,1,1,1,0,0,0,0,0,0,0,0,0,0,0,1,0,0,0,0,0,3,3,3,4,3,3,3,4,1,3,4,1,0,0
32,5,4,12,16,15,16,12,1,2,3,0,2,4,6,16,5,4,8,1,1,1,1,1,16,2,17,1,1,1,0,0,0,0,0,0,0,0,0,0,0,1,0,0,0,3,3,3,3,3,4,3,3,3,4,1,3,4,1,0,0
32,6,4,1,1,16,2,15,11,2,3,0,2,10,6,16,5,4,8,1,1,1,1,1,16,2,17,1,1,1,0,0,0,0,0,0,0,0,0,0,0,1,0,0,0,0,0,0,0,0,1,0,0,0,1,1,3,4,1,0,0
32,7,3,3,16,9,15,14,10,2,3,0,2,5,6,16,5,4,8,1,1,1,1,1,16,2,17,1,1,1,0,0,0,0,0,0,0,0,0,0,0,1,0,3,3,3,3,3,3,3,4,3,3,3,4,1,3,4,1,0,0
32,8,11,2,1,16,8,8,15,5,1,0,2,3,6,16,5,4,8,1,1,1,1,1,10,2,17,0,1,1,0,0,0,0,0,0,0,0,0,0,0,1,0,0,0,0,0,0,0,0,1,3,3,3,4,1,2,2,1,0,0
32,9,2,1,9,0,2,6,19,2,3,0,3,4,6,16,5,4,8,0,1,0,1,1,16,2,3,1,1,0,2,1,1,0,0,0,0,0,0,0,0,4,3,3,3,3,3,3,3,3,4,3,3,3,4,1,3,5,1,0,0
32,10,1,0,15,9,7,2,3,2,3,0,2,3,6,16,5,4,8,0,1,1,1,1,16,2,17,1,1,1,0,0,0,1,0,0,0,0,0,0,0,1,3,3,3,3,3,3,3,3,4,3,3,3,4,1,3,1,1,0,0
32,11,1,10,15,9,7,2,10,2,3,0,2,0,6,16,5,4,8,0,1,1,1,1,16,2,17,1,1,1,0,0,0,0,0,0,0,1,0,0,1,1,3,3,3,3,3,3,3,3,4,3,3,3,4,1,3,1,1,0,0
32,12,9,2,9,8,1,11,3,2,3,0,3,4,6,16,5,4,8,0,1,1,1,1,4,2,3,0,1,0,1,0,0,0,0,0,0,0,0,0,3,4,3,3,3,3,3,3,3,3,4,3,3,3,4,1,2,5,1,0,1
32,13,19,16,12,8,12,11,16,4,2,0,2,3,6,16,5,4,8,0,1,1,1,1,15,2,17,0,1,1,0,0,1,3,3,3,3,3,3,3,3,4,3,3,3,3,3,3,3,3,4,3,3,3,4,1,2,1,1,0,1
32,14,12,0,17,8,14,11,16,2,3,0,2,0,6,16,5,4,8,1,1,1,1,1,16,2,17,1,1,1,0,3,3,3,3,3,3,3,3,3,3,4,3,3,3,3,3,3,3,3,4,3,3,3,4,1,2,3,1,0,1
33,1,6,11,6,1,0,4,4,2,3,0,2,4,6,16,5,4,8,1,1,1,1,1,9,5,4,0,0,0,0,3,3,3,3,3,3,3,3,3,3,4,3,3,3,3,3,3,3,3,4,3,3,3,4,1,3,3,1,0,0
33,2,18,8,7,6,3,10,19,2,3,0,2,4,6,16,5,4,8,1,1,1,1,1,16,2,17,1,1,1,0,0,0,0,0,0,3,3,3,3,3,4,3,3,3,3,3,3,3,3,4,3,3,3,4,1,3,4,1,0,0
33,3,4,8,8,6,5,7,13,2,3,0,2,4,6,16,5,4,8,1,1,1,1,1,16,2,17,1,1,1,0,0,0,0,0,0,3,3,3,3,3,4,3,3,3,3,3,3,3,3,4,3,3,3,4,1,3,4,1,0,0
33,4,5,12,15,9,16,12,17,2,3,0,2,4,6,16,5,4,8,1,1,1,1,1,16,2,17,1,1,1,0,0,0,0,0,0,0,0,0,0,0,1,0,0,0,3,3,3,3,3,4,3,3,3,4,1,3,4,1,0,0
33,5,5,2,11,8,12,11,19,2,4,0,2,4,6,16,5,4,8,0,1,1,1,1,3,2,17,0,1,1,1,1,0,0,0,0,0,0,1,0,0,1,0,0,0,0,0,1,1,0,2,0,0,0,1,1,2,3,1,0,1
33,6,17,9,4,8,1,11,17,4,2,0,3,1,6,16,5,4,8,1,0,1,1,1,6,2,17,0,1,0,0,0,0,0,1,0,0,0,1,0,0,1,0,0,0,0,0,0,0,0,1,0,0,0,4,1,2,3,1,1,1
33,7,7,6,6,1,0,4,17,1,2,0,2,1,6,16,5,4,8,1,1,1,1,1,6,2,17,0,1,1,0,0,0,0,0,0,0,0,3,3,3,4,3,3,3,3,3,3,3,3,4,3,3,3,4,1,2,3,1,0,0
34,1,8,3,13,0,4,9,5,2,3,0,2,4,6,16,5,4,8,1,1,1,1,1,16,2,17,1,1,1,0,0,0,0,0,0,0,0,0,3,3,4,3,3,3,3,3,3,3,3,4,3,3,3,4,1,3,4,1,0,0
34,2,10,9,4,14,1,5,10,1,3,0,2,8,6,16,5,4,8,1,1,1,1,1,16,2,17,1,1,1,0,0,0,0,0,0,0,0,0,0,0,1,0,0,0,0,0,0,0,0,1,0,0,0,4,1,3,3,1,1,0
34,3,10,9,10,0,11,3,0,3,3,0,2,11,6,16,5,4,8,1,1,1,1,1,16,2,17,1,1,1,0,0,0,0,0,0,0,0,0,0,0,4,3,3,3,3,3,3,3,3,4,3,3,3,4,1,3,4,1,0,0
34,4,13,9,1,14,5,10,0,0,3,0,2,11,6,16,5,4,8,1,1,1,1,1,16,2,17,1,1,1,0,0,0,0,0,0,0,0,0,0,0,1,0,0,0,0,0,0,0,0,1,0,0,0,4,1,3,4,1,0,0
34,5,13,11,1,16,16,7,13,2,3,0,2,4,6,16,5,4,8,1,1,1,1,1,16,2,17,1,1,1,0,0,0,0,0,0,0,0,0,0,0,1,0,0,0,0,0,0,0,0,1,0,0,3,4,1,3,3,1,0,0
34,6,13,9,7,6,13,5,10,3,3,0,2,11,6,16,5,4,8,1,1,1,1,1,16,2,17,1,1,1,0,0,0,0,0,0,3,3,3,3,3,4,3,3,3,3,3,3,3,3,4,3,3,3,4,1,3,4,1,0,0
34,7,6,14,9,0,3,5,3,2,3,0,2,4,6,16,5,4,8,1,1,1,1,1,16,2,17,1,1,1,0,0,0,0,0,0,0,0,0,0,0,1,3,3,3,3,3,3,3,3,4,3,3,3,4,1,3,4,1,0,0
34,8,6,9,4,8,1,11,7,3,4,0,2,8,6,16,5,4,8,1,1,1,1,1,13,2,17,0,1,1,0,0,0,0,0,0,0,0,0,0,0,1,0,0,0,0,0,0,0,0,1,0,0,0,4,1,2,3,1,1,1
34,9,18,9,4,6,1,10,13,6,3,0,2,9,6,16,5,4,8,1,1,1,1,1,16,2,17,1,1,1,0,0,0,0,0,0,0,3,3,3,3,4,3,3,3,3,3,3,3,3,4,3,3,3,4,1,3,4,1,1,0
34,10,18,9,4,11,1,10,5,2,3,0,2,9,6,16,5,4,8,1,1,1,1,1,16,2,17,1,1,1,0,0,0,0,0,0,3,3,3,3,3,4,3,3,3,3,3,3,3,3,4,3,3,3,4,1,3,4,1,1,0
34,11,4,9,2,9,11,7,9,0,3,0,2,11,6,16,5,4,8,1,1,1,1,1,16,2,17,1,1,1,0,0,0,0,0,0,0,0,0,0,0,1,0,3,3,3,3,3,3,3,4,3,3,3,4,1,3,4,1,0,0
34,12,5,9,1,6,7,7,8,4,3,0,2,1,6,16,5,4,8,1,1,1,1,1,16,2,17,1,1,1,0,0,0,0,0,0,0,3,3,3,3,4,3,3,3,3,3,3,3,3,4,3,3,3,4,1,3,4,1,0,0
34,13,17,9,1,0,1,0,14,3,3,0,2,3,6,16,5,4,8,1,1,1,1,1,16,2,17,1,1,1,0,0,0,0,0,0,0,0,0,0,0,4,3,3,3,3,3,3,3,3,4,3,3,3,4,1,3,4,1,0,0
34,14,11,9,14,6,14,14,15,5,3,0,2,3,6,16,5,4,8,1,1,1,1,1,16,2,17,1,1,1,0,0,0,0,0,0,0,3,3,3,3,4,3,3,3,3,3,3,3,3,4,3,3,3,4,1,3,4,1,0,0
34,15,1,9,14,6,10,6,15,5,3,0,2,11,6,16,5,4,8,1,1,1,1,1,16,2,17,1,1,1,0,0,0,0,0,0,0,0,3,3,3,4,3,3,3,3,3,3,3,3,4,3,3,3,4,1,3,4,1,0,0
34,16,7,9,14,13,10,4,2,5,1,0,2,11,6,16,5,4,8,1,1,1,1,1,0,2,17,0,1,1,0,0,0,0,0,0,0,3,3,3,3,4,3,3,3,3,3,3,3,3,4,3,3,3,4,1,2,4,1,0,0
34,17,7,9,4,8,1,11,12,1,4,0,2,8,6,16,5,4,8,1,1,1,1,1,19,2,17,0,1,1,0,0,0,0,0,0,0,3,3,3,3,4,3,3,3,3,3,3,3,3,4,3,3,3,4,1,2,4,1,1,1
34,18,7,9,11,13,14,8,11,4,5,0,2,11,6,16,5,4,8,1,1,1,1,1,18,2,17,0,1,1,0,0,0,0,0,0,3,3,3,3,3,4,3,3,3,3,3,3,3,3,4,3,3,3,4,1,2,4,1,0,0
35,1,14,14,11,16,13,5,16,2,3,0,2,2,6,16,5,4,8,0,1,1,1,1,16,2,17,1,1,1,0,0,0,0,0,0,0,0,0,0,0,1,0,0,1,1,0,0,0,0,1,0,0,0,1,1,3,3,1,0,0
35,2,14,14,11,16,13,5,16,2,3,0,2,2,6,16,5,4,8,1,0,1,1,1,16,2,17,1,1,1,0,0,0,0,0,0,0,0,0,0,0,1,0,0,1,0,0,0,0,0,1,0,0,3,4,1,3,3,1,0,0
35,3,10,8,14,14,11,5,11,2,3,0,2,2,6,16,5,4,8,1,1,1,1,1,16,2,17,1,1,1,0,0,0,0,0,0,0,0,0,0,0,1,0,0,0,3,3,3,3,3,4,3,3,3,4,1,3,4,1,0,0
35,4,13,8,17,14,16,10,15,2,3,0,2,2,6,16,5,4,8,0,1,1,1,1,16,2,17,1,1,1,0,0,0,0,0,0,0,0,0,0,0,2,0,0,0,0,0,0,0,3,4,3,3,3,4,1,3,4,1,0,0
35,5,6,16,0,8,8,11,9,2,3,0,2,8,6,16,5,4,8,0,1,1,1,1,16,2,17,1,1,1,0,0,0,0,0,0,0,0,0,0,0,1,0,0,0,0,0,0,0,0,1,0,0,0,1,1,2,3,1,0,1
35,6,6,5,14,13,12,15,2,2,3,0,2,0,6,16,5,4,8,0,1,1,1,1,16,2,17,1,1,1,0,0,0,0,0,0,0,0,0,0,0,1,0,0,0,0,0,0,0,0,1,0,1,0,1,1,3,4,1,0,0
36,1,18,13,3,5,3,10,12,2,3,0,2,7,6,16,5,4,8,1,1,1,1,1,16,2,17,1,1,1,0,0,0,3,3,3,3,3,3,3,3,4,3,3,3,3,3,3,3,3,4,3,3,3,4,1,3,1,1,0,0
36,2,4,11,7,6,16,7,3,2,3,0,2,4,6,16,5,4,8,1,1,1,1,1,16,2,17,1,1,1,0,0,0,0,0,0,0,0,0,3,3,4,3,3,3,3,3,3,3,3,4,3,3,3,4,1,2,4,1,0,0
36,3,3,13,12,0,2,14,17,2,3,0,2,3,6,16,5,4,8,1,1,1,1,1,16,2,17,1,1,1,0,0,0,0,0,0,0,0,0,0,3,4,3,3,3,3,3,3,3,3,4,3,3,3,4,1,3,4,1,0,0
36,4,19,9,2,10,8,8,1,6,4,0,3,1,6,16,5,4,8,1,0,1,1,1,18,2,17,0,1,0,0,0,1,3,3,3,3,3,3,3,3,4,3,3,3,3,3,3,3,3,4,3,3,3,4,1,2,4,1,0,0
36,5,12,9,4,8,1,11,1,1,3,0,2,9,6,16,5,4,8,1,1,1,1,1,5,2,17,0,1,1,3,3,3,3,3,3,3,3,3,3,3,4,3,3,3,3,3,3,3,3,4,3,3,3,4,1,2,3,1,1,1
37,1,12,9,4,8,1,11,16,4,3,0,2,7,6,16,5,4,8,1,1,1,1,1,4,2,17,0,1,1,3,3,3,3,3,3,3,3,3,3,3,4,3,3,3,3,3,3,3,3,4,3,3,3,4,1,2,3,1,1,1
38,1,8,7,13,2,9,1,5,2,3,0,1,4,6,16,5,4,8,0,0,0,0,1,16,2,8,1,1,0,2,2,3,2,1,0,0,0,0,3,3,4,3,3,3,3,3,3,3,3,4,3,3,3,4,1,3,4,1,0,0
38,2,8,9,1,16,6,13,7,4,3,0,1,3,6,0,5,4,8,1,0,0,0,1,16,2,3,1,1,0,0,3,2,1,1,1,2,1,1,1,1,1,0,1,1,0,0,1,1,0,2,1,0,1,4,1,3,4,1,0,0
38,3,15,4,4,8,1,11,10,2,3,0,2,4,6,16,5,4,8,1,0,0,0,1,16,2,17,1,1,1,0,0,0,0,0,0,0,0,0,0,0,1,0,0,0,0,0,0,0,0,1,0,0,0,1,1,3,3,1,1,1
38,4,15,4,17,14,6,13,0,2,3,0,2,4,6,16,5,4,8,0,1,0,0,0,16,2,17,1,1,1,3,3,3,3,3,2,1,0,0,0,0,4,3,2,1,0,1,0,3,3,3,1,0,1,1,1,3,4,1,0,0
38,5,1,2,16,9,7,2,3,2,3,0,3,4,6,16,5,4,8,0,1,1,1,1,16,2,3,1,1,0,0,0,0,0,0,0,0,0,1,0,0,1,3,3,3,3,3,3,3,3,4,3,3,3,4,1,3,4,1,0,0
38,6,1,1,16,8,7,11,3,1,3,0,2,4,6,16,5,4,8,0,1,1,1,1,19,2,17,0,1,1,0,0,0,1,0,0,0,3,3,3,3,4,3,3,3,3,3,3,3,3,4,3,3,3,4,1,2,1,1,0,1
38,7,7,9,17,16,14,8,14,3,5,0,2,3,6,16,5,4,8,1,1,1,1,1,0,2,17,0,1,1,0,0,0,0,0,0,0,0,3,3,3,4,3,3,3,3,3,3,3,3,4,3,3,3,4,1,2,4,1,0,0
38,8,7,0,11,8,10,11,0,2,1,0,2,4,6,16,5,4,8,1,1,1,1,1,3,2,17,0,1,1,0,0,0,0,0,3,3,3,3,3,3,4,3,3,3,3,3,3,3,3,4,3,3,3,4,1,2,4,1,0,1
38,9,19,0,3,5,7,15,19,2,3,0,2,7,6,16,5,4,8,1,1,1,1,1,16,2,17,1,1,1,0,0,3,3,3,3,3,3,3,3,3,4,3,3,3,3,3,3,3,3,4,3,3,3,4,1,3,3,1,0,0
38,10,19,9,4,8,1,11,7,0,2,0,2,5,6,16,5,4,8,1,1,1,1,1,15,2,17,0,1,1,0,0,0,3,3,3,3,3,3,3,3,4,3,3,3,3,3,3,3,3,4,3,3,3,4,1,2,3,1,1,1
38,11,12,9,4,8,1,11,11,0,5,0,2,5,6,16,5,4,8,1,1,1,1,1,7,2,17,0,1,1,3,3,3,3,3,3,3,3,3,3,3,4,3,3,3,3,3,3,3,3,4,3,3,3,4,1,2,3,1,1,1
39,1,6,8,2,10,5,7,16,2,3,0,2,4,6,16,5,4,8,1,1,1,1,1,16,2,17,1,1,1,0,0,0,0,0,0,0,0,0,0,0,1,0,0,0,0,0,0,0,0,1,0,0,3,4,1,3,4,1,0,0
39,2,6,12,17,16,16,12,9,2,3,0,2,0,6,16,5,4,8,1,1,1,1,1,16,2,17,1,1,1,0,0,0,0,0,0,0,0,0,0,0,1,0,0,0,0,0,0,0,0,1,0,0,0,1,1,3,4,1,0,0
39,3,4,3,4,8,1,11,4,2,3,0,2,4,6,16,5,4,8,1,1,1,1,1,9,5,4,0,0,0,0,0,0,0,0,0,0,0,0,0,0,1,0,0,0,0,0,0,0,0,1,0,0,0,1,1,2,3,1,1,1
39,4,2,9,14,3,10,14,14,3,3,0,2,3,6,16,5,4,8,1,1,1,1,1,16,2,17,1,1,1,0,3,3,3,3,3,3,3,3,3,3,4,3,3,3,3,3,3,3,3,4,3,3,3,4,1,3,4,1,0,0
40,1,17,13,3,5,16,12,5,2,3,0,2,4,6,16,5,4,8,1,1,1,1,1,16,2,17,1,1,1,0,0,0,3,3,3,3,3,3,3,3,4,3,3,3,3,3,3,3,3,4,3,3,3,4,1,3,1,1,0,0
40,2,2,5,13,2,2,6,11,2,3,0,2,4,6,16,5,4,8,0,1,1,1,1,16,2,17,1,1,1,1,0,0,0,0,0,0,0,0,0,3,4,3,3,3,3,3,3,3,3,4,3,3,3,4,1,3,4,1,0,0
40,3,7,2,14,7,10,4,1,2,3,0,2,7,6,16,5,4,8,1,1,1,1,1,4,2,17,0,1,1,0,0,0,0,0,0,0,3,3,3,3,4,3,3,3,3,3,3,3,3,4,3,3,3,4,1,2,3,1,0,0
40,4,9,9,4,8,1,11,17,4,3,0,2,9,6,16,5,4,8,1,1,1,1,1,16,2,17,1,1,1,0,0,0,0,0,0,0,0,0,3,3,4,3,3,3,3,3,3,3,3,4,3,3,3,4,1,2,3,1,1,1
40,5,7,0,0,8,10,11,11,2,5,0,2,4,6,16,5,4,8,1,1,1,1,1,3,2,17,0,1,1,0,0,0,0,0,3,3,3,3,3,3,4,3,3,3,3,3,3,3,3,4,3,3,3,4,1,2,4,1,0,1
